[
  {
    "icon": "fa fa-home",
    "slug": "external",
    "title": "Volver al inicio",
    "path": "index.html"
  },  
  {
    "icon": "fa fa-file-text-o",
    "slug": "tema-1",
    "title": "1. Comerciante",
    "path": "pages/tema-1.html",
    "submenu": [
      {
        "icon": "fa fa-file-text-o",
        "slug": "tema-1",
        "title": "1.1 Concepto y Calidad",
        "anchor": "tema-11"
      },
      {
        "icon": "fa fa-file-text-o",
        "slug": "tema-1",
        "title": "1.2 Deberes, derechos y obligaciones",
        "anchor": "tema-12"
      },
      {
        "icon": "fa fa-file-text-o",
        "slug": "tema-1",
        "title": "1.3 Registro mercantil",
        "anchor": "tema-13"
      },
      {
        "icon": "fa fa-file-text-o",
        "slug": "tema-1",
        "title": "1.4 Cámara de Comercio: actos mercantiles",
        "anchor": "tema-14"
      }
    ]  
  }, 
  {
    "icon": "fa fa-file-text-o",
    "slug": "tema-2",
    "title": "2. La empresa",
    "path": "pages/tema-2.html",
    "submenu": [
      {
        "icon": "fa fa-file-text-o",
        "slug": "tema-2",
        "title": "2.1 Definición, clasificaciones, naturaleza y estructura de las organizaciones",
        "anchor": "tema-21"
      },
      {
        "icon": "fa fa-file-text-o",
        "slug": "tema-2",
        "title": "2.2 Sociedad: concepto, clasificación, requisitos para constitución y liquidación",
        "anchor": "tema-22"
      },
      {
        "icon": "fa fa-file-text-o",
        "slug": "tema-2",
        "title": "2.3 Normas comerciales, laborales, tributarias y de información financiera para la constitución de la empresa",
        "anchor": "tema-23"
      }
    ]      
  },
  {
    "icon": "fa fa-file-text-o",
    "slug": "tema-3",
    "title": "3. Administración",
    "path": "pages/tema-3.html",
    "submenu": [
      {
        "icon": "fa fa-file-text-o",
        "slug": "tema-3",
        "title": "3.1 Principios básicos de áreas funcionales, planeación estratégica, organización, dirección y control",
        "anchor": "tema-31"
      }
    ]     
  }
]